Titulo,fecha_publicacion,Vistas,Likes,Dislikes,Comentarios
"$1 vs $1,000,000,000 Yacht!",2023-06-10T16:00:00Z,109893415,4242010,0,111581
Do Pawnshops Scam You?,2023-06-03T16:59:57Z,75976381,4492049,0,11270
"Ages 1 - 100 Fight For $500,000",2023-05-27T21:14:59Z,135115342,4588657,0,103974
"1,000 Deaf People Hear For The First Time",2023-05-06T19:59:59Z,87072872,4440847,0,154986
Would You Pet a Cheetah in Africa?,2023-05-01T20:00:02Z,177801173,9686230,0,29264
Tipping A Waitress A Car,2023-04-22T20:00:00Z,135582441,8958706,0,25250
Would you go on a Blind Date in Italy?,2023-04-15T20:00:01Z,170205377,10070853,0,15401
"$1 vs $500,000 Plane Ticket!",2023-04-01T20:00:04Z,191092136,5662538,0,158931
I Sent a Subscriber to Disneyland,2023-03-30T20:00:00Z,206792968,13277864,0,38877
I Paid A Real Assassin To Try To Kill Me,2023-03-18T20:00:01Z,153238215,4785580,0,111580
Do Men Lie About Their Height?,2023-02-14T21:00:14Z,173083230,9652423,0,20587
"1,000 Blind People See For The First Time",2023-01-28T21:00:00Z,146800183,9723347,0,401934
I Survived 50 Hours In Antarctica,2022-12-24T20:59:59Z,123669206,4439952,0,151399
Hydraulic Press Vs Lamborghini,2022-12-10T21:00:01Z,171015338,5134895,0,132371
Would You Fly To Paris For A Baguette?,2022-12-08T20:12:27Z,786489443,36020440,0,74392
"100 Kids Vs 100 Adults For $500,000",2022-12-03T21:00:00Z,166852426,3764760,0,95739
Gordon Ramsay Tries Most Expensive Chocolate Bar!,2022-11-19T20:59:59Z,242041107,13564162,0,28960
"Last To Take Hand Off Jet, Keeps It!",2022-11-12T21:00:00Z,119629909,3712604,0,103770
Giving iPhones Instead Of Candy on Halloween,2022-11-02T21:00:01Z,681853008,24873378,0,96057
"$1 vs $1,000,000 Hotel Room!",2022-10-22T21:00:00Z,244084147,6045514,0,114325
"The Rock Vs MrBeast For $100,000",2022-10-21T20:00:06Z,335196303,21734488,0,58020
"Survive 100 Days In Circle, Win $500,000",2022-09-24T19:59:59Z,211680025,4756978,0,96967
I Hunted 100 People!,2022-09-03T19:59:59Z,106194621,3030812,0,67264
I Survived A Plane Crash,2022-08-20T20:00:00Z,121287527,3386012,0,77867
"I Gave My 100,000,000th Subscriber An Island",2022-08-04T19:59:59Z,150634569,5678563,0,235619
"100 Boys Vs 100 Girls For $500,000",2022-07-23T20:00:09Z,148903779,4053748,0,142843
I Didn’t Eat Food For 30 Days,2022-07-02T20:00:02Z,83405567,3396818,0,108310
I Built Willy Wonka's Chocolate Factory!,2022-06-04T20:00:02Z,204453862,5773160,0,167362
"$10,000 Every Day You Survive Prison",2022-04-09T20:00:00Z,170587104,4769400,0,137921
"Would You Swim With Sharks For $100,000?",2022-03-19T20:02:32Z,141600712,3720163,0,93988
World’s Most Dangerous Escape Room!,2022-01-29T21:00:01Z,208815873,5039781,0,140125
"Extreme $1,000,000 Hide And Seek",2021-12-18T21:00:00Z,90910848,3491946,0,128204
"$1,000,000 Influencer Tournament!",2021-12-16T21:00:00Z,75779000,3008356,0,89410
I Got Hunted By The Military,2021-12-10T21:30:02Z,162724877,4098937,0,97676
"$456,000 Squid Game In Real Life!",2021-11-24T21:00:01Z,443788657,16367198,0,617394
I Cleaned The World’s Dirtiest Beach #TeamSeas,2021-10-29T19:59:43Z,102043741,5280824,0,176469
"Last To Take Hand Off Lamborghini, Keeps It",2021-10-23T20:00:01Z,145385900,4296904,0,131114
"First To Rob Bank Wins $100,000",2021-09-26T20:00:06Z,137808939,3760666,0,122226
"Extreme $500,000 Game Of Tag!",2021-09-04T20:00:07Z,132110330,4053018,0,101717
"Last To Leave Circle Wins $500,000",2021-08-31T20:01:03Z,306547850,6080426,0,119889
I Got Hunted By The FBI,2021-08-07T23:00:03Z,163524021,3986265,0,96177
"If You Can Carry $1,000,000 You Keep It!",2021-07-24T20:00:59Z,148623951,3267390,0,78231
"Would YOU Quit School For $100,000?",2021-07-10T20:00:09Z,132261344,3165776,0,85122
I Survived 50 Hours In A Maximum Security Prison,2021-06-26T20:00:02Z,186758795,3558514,0,101524
"Hit The Target, Win $300,000",2021-06-12T20:00:01Z,137680951,3215338,0,85538
Anything You Can Fit In The Triangle I’ll Pay For,2021-06-01T20:00:02Z,158209151,3025060,0,86305
I Got Hunted By A Real Bounty Hunter,2021-04-24T20:00:00Z,159914895,3772714,0,126926
"Extreme $100,000 Game of Tag!",2021-04-17T20:00:00Z,171858052,3353515,0,120579
"Would You Sit In Snakes For $10,000?",2021-04-10T21:00:07Z,234134061,4855833,0,142030
"I Bought The World's Largest Mystery Box! ($500,000)",2021-04-03T20:00:01Z,191798595,4587077,0,175229
I Spent 50 Hours Buried Alive,2021-03-27T20:00:04Z,268941201,7594801,0,250889
"Offering People $100,000 To Quit Their Job",2021-03-13T21:00:02Z,113562901,3101380,0,117004
I Sold My House For $1,2021-03-06T21:00:02Z,132201595,3611267,0,117864
"I Donated $300,000 To People In Need",2021-02-13T21:00:01Z,52394164,3010792,0,152146
"I Ate $100,000 Golden Ice Cream",2021-01-22T21:00:03Z,200831894,5197468,0,175127
I Bought Everything In 5 Stores,2021-01-09T21:01:25Z,137954752,4983797,0,193660
"Youtube Rewind 2020, Thank God It's Over",2021-01-01T21:00:03Z,68323422,5029067,0,288461
"I Put 1,000,000,000 Christmas Lights On A House (World Record)",2020-12-23T21:00:06Z,91882393,2695249,0,109268
I Opened A Restaurant That Pays You To Eat At It,2020-12-19T22:00:03Z,156544364,4758975,0,746675
"I Gave People $1,000,000 But ONLY 1 Minute To Spend It!",2020-12-15T21:00:11Z,162149052,5995838,0,183249
"Steal This $100,000 Diamond, You Keep It",2020-11-28T21:00:04Z,179747630,3347577,0,96085
"Press This Button To Win $100,000!",2020-11-14T21:00:02Z,254528077,4040716,0,91613
I Survived 24 Hours Straight In Ice,2020-10-29T20:17:44Z,134370868,3699531,0,195585
I Uber’d People And Let Them Keep The Car,2020-10-24T20:00:01Z,106771671,3569820,0,85657
"$300,000 Influencer Trivia Tournament!",2020-10-18T00:19:57Z,59933085,2184945,0,117630
I Filled My Brother’s House With Slime & Bought Him A New One,2020-10-10T20:00:31Z,182989066,3625566,0,119751
Hi Me In 5 Years,2020-10-04T20:00:54Z,103214596,6036599,0,232135
"Would You Rather Have A Giant Diamond or $100,000?",2020-09-26T20:40:02Z,129096553,2545808,0,73380
"I Gave My 40,000,000th Subscriber 40 Cars",2020-09-19T20:00:02Z,133151459,3947066,0,184107
Why I Haven’t Been Uploading,2020-09-17T20:00:05Z,51203493,2640235,0,98660
"Get This Random Person 1,000,000 Subscribers",2020-09-05T20:00:17Z,69852550,2409612,0,123486
Would YOU Rather Have A Lamborghini or This House?,2020-08-22T20:00:01Z,170549165,3495089,0,152849
"Last To Leave $800,000 Island Keeps It",2020-08-15T20:00:02Z,212599537,4968065,0,229722
I Bought A Private Island,2020-08-13T20:00:07Z,139133506,3587950,0,131281
"I Spent $1,000,000 On Lottery Tickets and WON",2020-08-08T20:00:02Z,111409367,3036742,0,87070
I Ate The World’s Largest Slice Of Pizza,2020-08-01T20:00:02Z,198537779,3875980,0,135256
I Adopted EVERY Dog In A Dog Shelter,2020-07-23T20:00:11Z,197591610,4562276,0,211723
"I Bought The World's Largest Firework ($600,000)",2020-07-03T21:00:20Z,185915985,4898605,0,182057
I Broke Into A House,2020-06-25T20:00:00Z,127173405,3164834,0,194576
"Would You Rather Have $100,000 OR This Mystery Key?",2020-06-13T20:00:01Z,164534194,3298959,0,119275
I Built The World's Largest Lego Tower,2020-06-06T20:00:01Z,140471821,3076591,0,76542
I Spent 50 Hours In Solitary Confinement,2020-05-30T20:10:08Z,273197828,4514592,0,116707
If You Click This Video I'll Give My Friend .001$,2020-05-23T21:01:02Z,180426974,6636499,0,165237
"I Gave $200,000 To People Who Lost Their Jobs (Corona Virus)",2020-05-07T19:59:59Z,43200285,1396863,0,66494
Videos I Could Not Upload...,2020-04-30T20:00:08Z,124542636,3534966,0,66167
"$250,000 Influencer Rock, Paper, Scissors Tournament",2020-04-26T01:36:25Z,47634131,1636575,0,56291
I Spent 24 Hours In A Doomsday Bunker,2020-04-11T20:00:00Z,171766466,2924628,0,81020
"Giving $1,000,000 Of Food To People In Need",2020-03-27T20:00:05Z,50399822,1807318,0,67881
I Ran A Marathon In The World's Largest Shoes,2020-03-21T20:00:02Z,131015301,3151812,0,71997
"$70,000 Extreme Hide And Seek - Challenge",2020-03-13T20:00:04Z,116884093,2431027,0,69576
Anything You Can Fit In The Circle I’ll Pay For,2020-03-07T21:00:00Z,234104733,4735603,0,115035
"I Ate A $70,000 Golden Pizza",2020-02-29T21:00:22Z,213378574,3964727,0,112662
"Lamborghini Race, Winner Keeps Lamborghini",2020-02-08T21:00:02Z,117387111,2478990,0,56450
I Gave My Credit Card To Random People,2020-02-01T21:00:01Z,157018490,3707451,0,98881
I Went Back To Boy Scouts For A Day,2020-01-25T21:00:01Z,106398692,2111490,0,46613
"$60,000 Extreme Hide And Seek - Challenge",2020-01-17T21:00:01Z,136719019,2571444,0,50979
"How I Gained 15,000,000 Subscribers In 1 Year",2020-01-03T21:10:01Z,18547904,892280,0,41892
Important Youtube Announcement (please watch),2019-12-28T21:00:06Z,35235568,2442468,0,131787
"Giving 10,000 Presents To Kids For Christmas",2019-12-23T21:00:04Z,60661169,2806410,0,174833
"Spending $1,000,000 In 24 Hours",2019-12-21T21:00:01Z,158541093,4169002,0,127120
"Last To Take Hand Off $1,000,000 Keeps It",2019-12-19T21:00:12Z,122913603,3176105,0,302109
"Last To Stop Riding Bike Wins $1,000,000 (Part 4)",2019-12-14T20:59:57Z,57741594,1377469,0,93919
"Last To Leave Toilet Wins $1,000,000 (Part 3)",2019-12-07T21:11:07Z,84222802,1739558,0,50032
I Ordered Pizza And Tipped The House,2019-12-05T21:00:02Z,121491127,4005250,0,106669
"Last to Stop Swinging Wins $1,000,000 (Part 2)",2019-11-30T21:00:03Z,109185762,2065010,0,82200
"$50,000 Game Of Extreme Hide And Seek - Challenge",2019-11-28T21:00:01Z,135794045,2805698,0,52001
I Opened A FREE BANK,2019-11-23T21:00:17Z,98668754,2656056,0,95292
"Going Around A Ferris Wheel 1,000 Times Straight",2019-11-16T21:00:47Z,96110696,2247615,0,49837
"Last To Fall Wins $1,000,000 (Part 1)",2019-11-14T21:00:31Z,135988568,2829186,0,55656
Surviving 24 Hours Straight In The Bermuda Triangle,2019-11-09T21:00:55Z,190209875,3718295,0,98668
"I Spent $100,000 On Lottery Tickets And Won!",2019-10-31T20:00:02Z,47752498,1255832,0,30732
"Planting 20,000,000 Trees, My Biggest Project Ever!",2019-10-25T19:01:01Z,94596245,4293836,0,167129
"Last To Take Hand Off Boat, Keeps It",2019-10-19T20:06:01Z,111279890,1952993,0,58981
"I Searched 100 Dumpsters, Here's What I Found",2019-10-12T20:10:01Z,154465941,2538947,0,57839
"Going Through The Same Drive Thru 1,000 Times",2019-10-05T20:00:08Z,226642275,4495737,0,132215
"Donating $100,000 To Random Streamers",2019-09-28T20:29:58Z,56553109,1742006,0,44315
Surviving 24 Hours Straight In A Rain Forest,2019-09-21T21:00:00Z,110948365,2303126,0,73249
"Last To Leave Ramen Noodle Pool Wins $20,000",2019-09-13T20:00:05Z,65283662,1444615,0,44682
"Anything You Can Carry, I'll Pay For #2",2019-09-06T20:00:00Z,65474016,1471864,0,33619
"I Gave My Brother 24 Hours To Spend $100,000",2019-08-31T20:00:01Z,84972597,2273903,0,57450
I Opened A Free Car Dealership,2019-08-29T20:00:00Z,124784539,3300486,0,139811
"Last To Leave Pool Of $20,000 Keeps It",2019-08-24T20:00:01Z,152178758,2981178,0,83107
Surviving 24 Hours On A Deserted Island,2019-08-22T20:00:07Z,158957050,3114400,0,78626
"Last To Leave Roller Coaster Wins $20,000 - Challenge",2019-08-17T20:00:00Z,129640703,2745692,0,67711
I Won Every Prize At A Theme Park,2019-08-15T19:59:59Z,151058882,2775364,0,69018
Destroying My Friend's Car And Surprising Him With A New One,2019-08-10T20:00:00Z,98081379,2609515,0,62567
I Spent 24 Hours Straight At Area 51,2019-08-02T21:00:01Z,137850481,3371193,0,98347
"Can 50,000 Magnets Catch A Cannon Ball?",2019-07-20T20:00:02Z,98031342,1909059,0,46419
World's Largest Game Of Dodgeball,2019-07-12T20:05:00Z,73006562,1531240,0,57759
"Last To Leave Revolving Door Wins $50,000",2019-07-02T20:00:01Z,137064563,3281189,0,181781
Tipping Waitresses With Real Gold Bars,2019-06-21T20:00:01Z,65610936,1721964,0,86818
I Opened The World's First FREE Store,2019-06-15T20:00:00Z,78661815,2165699,0,77503
Spending 24 Hours On Top Of A Mountain,2019-06-13T20:00:01Z,159224286,3217085,0,113714
"Last To Leave VR Wins $20,000",2019-06-08T20:00:01Z,130944418,2865258,0,95486
"Last To Stop Running Wins $20,000",2019-06-06T20:00:00Z,102083560,2145320,0,67380
"Paying People $10,000 To Eat Ghost Pepper",2019-06-01T20:05:01Z,39725207,1117908,0,36183
24 Hours In The Most Haunted Place On Earth,2019-05-30T20:07:01Z,104802919,2563257,0,135669
I Bought Everything In A Store - Challenge,2019-05-18T20:05:02Z,135478468,4013738,0,183935
World's Largest Bowl Of Cereal,2019-05-15T21:05:01Z,151126891,2570089,0,84331
Spending 24 Hours In A City With No Laws,2019-05-07T21:00:01Z,138176420,2534766,0,67397
"Giving $10,000 To Random People And Saying Nothing",2019-04-30T20:00:06Z,70025605,1661179,0,50611
Molten Lava Vs Giant Ice Block Experiment,2019-04-27T20:00:02Z,87037794,1726351,0,43200
"Anything You Can Carry, I'll Pay For Challenge",2019-04-20T20:00:03Z,83573052,1694169,0,92998
Homeless Man Buys A Lamborghini,2019-04-18T20:05:00Z,135422132,3535159,0,78379
Playing Battleship With Real Ships,2019-04-06T20:05:58Z,36934846,1003948,0,35792
"Donating $100,000 To Shroud In Real Life",2019-04-04T21:05:59Z,31827167,879773,0,21224
"Last To Leave The Tesla, Keeps It Challenge",2019-03-29T21:05:00Z,99435613,1808715,0,45400
"Donating $100,000 To Streamers With 0 Viewers",2019-03-24T20:00:04Z,84832402,3045921,0,73997
Surviving 24 Hours Straight In A Desert,2019-03-16T20:05:00Z,122259332,2560114,0,93099
"$200,000 Youtuber Battle Royale",2019-03-12T22:00:00Z,47617310,1651332,0,144717
Surprising Strangers With 100 Zombies - Experiment,2019-03-03T22:04:59Z,58937210,1774129,0,57802
I Gave A Homeless Man A Home,2019-02-28T22:06:00Z,74713100,2088010,0,114412
Standing Still For 24 Hours Straight - Statue Challenge,2019-02-22T22:05:59Z,89778986,1737402,0,37492
Giant Monopoly Game With Real Money,2019-02-15T22:05:00Z,95144373,2114766,0,69323
I Spent 24 Hours Straight In Insane Asylum,2019-02-10T21:05:00Z,106270060,2133794,0,136028
I Advertised Pewdiepie At The Super Bowl,2019-02-04T22:00:01Z,43231127,1260018,0,66850
I Went Back To 1st Grade For A Day,2019-01-31T22:05:00Z,167924632,2982383,0,140121
I Opened The World’s Cheapest Store,2019-01-26T21:05:00Z,40928811,1149411,0,85154
I Put 10 Million Legos in Friend's House,2019-01-18T22:04:59Z,80593735,1432611,0,63162
Make This Video The Most Liked Video On Youtube,2019-01-16T22:05:01Z,133451343,26953630,0,296664
"20,000 Magnets Vs A Car",2019-01-14T22:05:00Z,33165006,767712,0,24393
"Eating A $10,000 Golden Steak (24k Gold)",2019-01-11T22:05:00Z,130576428,2179258,0,91967
Last To Take Hand Off House Keeps It!,2019-01-08T21:05:00Z,77869840,1456990,0,44757
"I Gave Him One Hour To Spend $100,000!",2019-01-01T21:05:01Z,69841007,1435675,0,69413
"How I Gave Away $1,000,000",2018-12-25T21:05:01Z,14362294,492895,0,34751
"Giving $100,000 To A Homeless Person",2018-12-23T21:00:01Z,30989449,1028318,0,72378
I Spent 24 Hours Straight In Prison - Challenge,2018-12-19T21:05:02Z,106397685,1982705,0,76319
Donating $10000 To Pewdiepie,2018-12-16T21:05:02Z,46545594,1737482,0,50936
"Last Youtuber To Leave Wins $100,000 - Challenge",2018-12-12T21:00:02Z,88942132,2035443,0,97680
I Put Millions Of Pennies In My Friends Backyard,2018-12-08T21:05:02Z,132287737,2340210,0,63012
Surprising TFue With A Fortnite Battle Bus In Real Life,2018-12-07T22:11:00Z,99130491,1871531,0,64051
I Built A Giant House Using Only Legos,2018-12-02T20:05:01Z,63618673,1044240,0,50346
"Last To Leave Slime Pit Wins $20,000 - Challenge",2018-11-30T21:11:01Z,115857449,2063381,0,72383
"Saying Pewdiepie 100,000 Times",2018-11-25T21:07:01Z,25514925,1686982,0,173329
Destroyed Friend's House And Bought Him A New One,2018-11-24T21:06:01Z,42596230,1125602,0,70058
I Put 100 Million Orbeez In My Friend's Backyard,2018-11-22T21:08:01Z,183432232,4594227,0,137636
"Spending $40,000 In One Hour Challenge",2018-11-17T21:06:02Z,43841128,931013,0,56173
"Giving My 10,000,000th Subscriber 10,000,000 ___",2018-11-13T21:05:04Z,27850144,779804,0,32726
"$10,000 Games Of Rock Paper Scissors",2018-11-04T21:05:02Z,18242409,514509,0,25791
"Last To Remove Hand, Gets Lamborghini Challenge",2018-11-02T20:05:01Z,82572479,1568025,0,75153
"You Pick The Right Cup, You Win $100,000!",2018-10-28T20:06:01Z,35886957,982362,0,36455
I Bought Every Billboard In My City For This,2018-10-26T21:06:02Z,38442577,1333395,0,110270
"Ordering Water Then Tipping $30,000",2018-10-23T20:11:02Z,43100890,1154251,0,47479
"I Spent $50,000 On Lottery Tickets And Won ____",2018-10-19T21:05:02Z,30911740,750079,0,34688
"Last To Leave Circle Wins $10,000 - Challenge",2018-10-12T22:05:04Z,86797839,1503637,0,60372
I Spent 24 Hours Straight In Slime,2018-10-09T20:05:02Z,40760840,916229,0,34063
"Surprising Tfue With $10,000 Live - Fortnite",2018-10-04T20:07:01Z,71567644,1508773,0,47990
"I Spent $30,000 On Lottery Tickets And Won ____",2018-09-28T21:05:00Z,16981767,424994,0,22732
Flat Earth PROVEN By Independent Research,2018-09-22T20:05:01Z,27733862,796892,0,140379
Things That SHOULDN'T Be Sold On Amazon,2018-09-21T22:06:01Z,128170635,2019929,0,55132
"Surprising My 8,000,000th Subscriber With 8,000,000 ___",2018-09-19T20:05:01Z,32126434,546271,0,19104
"I Donated $25,000 To Random Kids Streaming Fortnite",2018-09-14T20:09:01Z,63167453,1303827,0,40623
I Hope This Magic Trick Works,2018-09-11T21:13:59Z,42692076,723998,0,19951
Can A Glowing 1000 Degree Sword Slice A Car In Half?,2018-09-06T21:09:00Z,68557613,1143365,0,39143
Rocket League In Real Life!,2018-09-01T21:08:58Z,28266531,545988,0,16796
Destroying My Friend's Car And Surprising Him With A New One - Slime,2018-08-28T22:08:59Z,104066309,2302329,0,66789
Spending 24 Hours Straight Under Water Challenge,2018-08-24T22:09:00Z,122175259,3152554,0,106799
"Attempting The Impossible Maze - $10,000 Challenge",2018-08-15T21:08:59Z,55897180,1017153,0,33277
"Donating $100,000 To A Random Fortnite Streamer",2018-08-05T22:00:00Z,51587359,1095169,0,51434
Moving 10 Pounds Using ONLY Sound,2018-08-02T21:09:00Z,44420762,1207681,0,51138
Returning Destroyed Rental Cars Prank,2018-07-27T21:09:00Z,36330117,614533,0,18011
"I Gave My 6,000,000th Subscriber 6,000,000 ____",2018-07-25T21:11:00Z,17557542,397683,0,33298
"Can 1,000 Fans At Max Speed Push A Car?",2018-07-17T21:41:02Z,28369658,623364,0,37704
"I Donated $50,000 To Ninja - Fortnite",2018-07-14T21:06:00Z,95928809,2138166,0,61584
I Ubered Random People In A Tank,2018-07-11T21:16:00Z,29718835,874882,0,45165
World's Hottest Substance Vs Coldest Substance,2018-06-30T21:09:00Z,86471581,1602293,0,54347
The Real Way Dinosaurs Went Extinct,2018-06-28T21:12:01Z,27980009,780628,0,44576
I Donated $1000 Every Time She Blinked - Fortnite Streamers,2018-06-24T21:10:00Z,21369520,638926,0,25336
I Built A Working Car Using Only LEGOS,2018-06-23T21:09:58Z,73752892,1670347,0,102503
Do Water Repellent Shoes Actually Work?,2018-06-22T22:11:00Z,116713291,1811522,0,65723
"We Drove 3,000 Miles For The World's Best Burger",2018-06-09T21:13:59Z,52430364,1213710,0,97537
"I Gave My 5,000,000th Subscriber 5,000,000 ______",2018-06-08T22:36:59Z,11158883,294345,0,19587
I Made Money Grow On Trees,2018-06-01T22:09:00Z,17110778,435613,0,37373
I Took Apart My Friends Car And Put It In His Room,2018-05-25T22:41:59Z,15611229,314737,0,12490
How Many Rubber Bands Does It Take To Snap A Safe?,2018-05-22T22:14:01Z,36757627,917810,0,46200
Pulling Cars Over Using A Toy Police Car,2018-05-13T21:10:01Z,24403500,548288,0,19370
"I Gave $500,000 To Random People",2018-05-11T22:40:59Z,14930048,453955,0,31614
How Many Toy Cars Does It Take To Pull A Real Car?,2018-05-04T22:08:58Z,40426718,762333,0,27545
"I Gave $20,000 To People From An Ice Cream Truck",2018-05-02T22:11:00Z,14614466,348370,0,21639
$10000 Ice Sculpture Vs Flame,2018-05-01T22:09:00Z,23437549,505152,0,31028
"Can 1,000 Rolls Of Duct Tape Stop A Car??",2018-04-30T22:09:00Z,26537949,549235,0,25309
Winning A Game Of Fortnite In The Middle Of The Ocean,2018-04-25T22:09:02Z,31094233,789125,0,49043
I Flew Using Only Balloons AND Leaf Blowers,2018-04-23T22:09:02Z,32316587,657433,0,45820
"I Donated $40,000 To A Random Twitch Fortnite Streamer (world record)",2018-04-21T21:07:02Z,24151270,628500,0,29876
Destroying My Friend's Car And Surprising Him With A New One,2018-04-13T22:21:00Z,38459601,626724,0,36665
Walking Up To Random People With 100 StormTroopers,2018-04-11T22:09:01Z,19109787,497820,0,39681
"I Donated $10,000 If They Said This Word (Twitch Streamers)",2018-04-04T22:19:00Z,19948358,557994,0,22513
"Giving My 4,000,000th Subscriber 4,000,000 Cookies",2018-04-02T22:09:01Z,13117304,345209,0,25750
"I Tipped Waitresses $20,000",2018-03-30T21:09:03Z,14593716,352888,0,20171
Walking Into Random Stores With 100 Dinosaurs,2018-03-22T22:43:02Z,32286616,890226,0,45734
I Built A Mansion Using Only Cardboard Boxes,2018-03-20T22:50:00Z,25435610,576117,0,24221
Breaking Glass Using Only Megaphones,2018-03-17T22:22:47Z,53641870,1417724,0,77169
Tying My Shoes In Every State (World Record),2018-03-16T22:09:02Z,17581226,441151,0,42885
"I Dropped $20,000 From A Drone",2018-03-08T00:13:02Z,7707589,249613,0,17655
"Donating $10,000 To Fortnite Streamers If They Win",2018-03-03T23:21:02Z,11291418,274817,0,16051
Trying To Fly Using Only Leaf Blowers,2018-03-01T23:09:03Z,18229898,431470,0,29593
"Giving 3,000,000 Pennies To My 3,000,000th Subscriber",2018-02-22T23:14:03Z,8665651,234206,0,22541
"I Donated $30,000 To My Favorite Twitch Streamer (ninja)",2018-02-21T23:19:01Z,36600223,865239,0,39686
"I Gave $20,000 To Random Homeless People",2018-02-17T00:40:00Z,47250283,1329429,0,75145
I Bought An Expensive Car Using Only $1 Bills,2018-02-13T23:10:01Z,37061324,1081094,0,36533
I Bought The World's Most Expensive Apps ($10k),2018-02-08T23:35:00Z,26898000,770443,0,26227
We Delivered 100 Pizzas To Random Houses,2018-02-02T23:12:01Z,9078966,228591,0,11402
"I Donated $30,000 To A Random Twitch Streamer (world record)",2018-01-28T00:11:02Z,32621945,1058579,0,56329
I Bought A Car Using Only Pennies,2018-01-25T23:10:03Z,26284664,722240,0,39712
I Bought One Snickers Bar From Every Walmart,2018-01-13T23:15:01Z,44177888,1125492,0,72774
Donating Big Donations To Twitch Streamers!!!,2018-01-11T22:37:00Z,27486378,581824,0,37356
I Can't Believe I Found This Stuff On Amazon..,2017-12-22T23:19:10Z,30589065,1203829,0,24547
"Saying ""Keep Net Neutrality"" For 10 Hours",2017-12-17T20:37:34Z,2138156,79889,0,10082
Life Hacks You Need To Know,2017-12-08T22:49:10Z,7299012,203245,0,11123
"Can 100,000 Pieces Of Paper Stop A Bullet?",2017-12-06T22:46:59Z,25831986,486680,0,57625
"Giving My Mom $100,000 (Proudest Day Of My Life)",2017-12-02T21:10:08Z,30598863,1499834,0,44509
"2,256 Miles In One Uber Ride (World Record)",2017-10-28T22:30:00Z,41927468,1093015,0,43822
i'm really sorry,2017-10-26T21:30:00Z,5714521,205252,0,10631
Hi Me In Two Years (Made Two Years Ago),2017-10-04T21:30:00Z,13462446,604095,0,39938
What Actually Happens When You Click On Spam Ads,2017-10-01T21:01:05Z,3778560,154203,0,6404
"Tipping Uber Drivers $10,000",2017-08-30T22:40:02Z,4577514,127376,0,8483
Going To The Connor McGregor fight!,2017-08-28T20:31:04Z,6007914,231286,0,11691
"Tipping Pizza Delivery Guys $10,000",2017-08-23T21:44:24Z,22017807,693271,0,41205
"Microwaving my iPhone, what happens next might shock you..",2017-08-20T19:37:51Z,2701603,123640,0,8962
"Saying Logan Paul 100,000 Times",2017-08-19T14:00:58Z,22856922,922933,0,112007
"Donating $10,000 To Random Twitch Streamers",2017-08-15T19:20:09Z,10750411,226354,0,18114
Breaking The Law,2017-07-09T21:20:50Z,31720720,834712,0,34824
"Giving Homeless People $1,000 (Not Clickbait)",2017-06-28T22:00:02Z,6424587,224758,0,19424
We Are Better Than Dude Perfect,2017-06-24T18:40:12Z,25555513,657381,0,39155
Every Challenge I've Ever Done,2017-06-23T18:31:22Z,848440,27831,0,4644
Watching It's Everyday Bro For 10 Hours Straight,2017-06-17T21:06:02Z,27866631,824720,0,71640
"Giving A Random Homeless Man $10,000",2017-06-15T23:10:02Z,10585100,532808,0,34230
Toothpaste Life Hacks YOU SHOULD KNOW,2017-06-13T22:30:01Z,19689362,507639,0,15779
"Reading The Longest English Word (190,000 Characters)",2017-06-02T22:00:01Z,34744280,800426,0,59277
Fidget Spinner Vs Face (Legit Had To Get Stitches),2017-05-02T23:30:00Z,41084474,1600278,0,88728
Grilling A Microwave Microwaving A Microwave Microwaving A Toaster Toasting An Iphone Watching Micro,2017-03-30T22:10:41Z,1989275,69808,0,5132
#1 MOST INSANE MAGNET LIFE HACK EVER,2017-03-24T21:40:17Z,26186698,531283,0,18695
Watching Dance Till You're Dead For 10 Hours,2017-03-21T22:40:12Z,52361487,2574856,0,0
I Can't Break My Strange Addiction,2017-03-19T21:45:07Z,1812104,94037,0,9279
OMG! INSANE CUP FORT,2017-03-14T22:40:01Z,4079512,96480,0,9500
Savage Level 9000,2017-03-08T23:10:06Z,7212706,321589,0,21216
Reading The Youtube Terms Of Service,2017-03-07T23:10:02Z,507811,18776,0,3692
Reacting To The Reaction Of The Reaction To The Reaction Of The Reaction Of The Reaction To The Reac,2017-02-22T00:00:04Z,7605387,324978,0,25955
"Counting To 200,000 (Road To A Mil)",2017-02-18T00:00:03Z,3720678,147771,0,19480
Microwaving Dry Ice (Microwave Explodes),2017-02-09T22:29:35Z,3295733,96885,0,6263
"I Counted To 100,000!",2017-01-09T00:00:39Z,28392957,1366893,0,125501
we are number one but every one is a bad intro,2016-12-25T00:00:00Z,1948927,56363,0,8512
Microwaving A Microwave Microwaving A Toaster,2016-12-23T00:00:04Z,4848208,87859,0,15452
HOW TO UNLOCK ANY IPHONE WITHOUT THE PASSCODE,2016-12-21T02:00:00Z,22868383,586421,0,36435
WHY DO THEY SELL THIS ON AMAZON?,2016-12-18T02:00:04Z,8666706,726226,0,15962
Microwaving A Microwave,2016-12-09T02:45:18Z,11235086,431367,0,42197
IF YOU ONLY SEE ORANGE YOU'RE COLOR BLIND,2016-12-05T02:21:43Z,1774898,93649,0,7842
I Mailed Myself IN A BOX & it REALLY WORKED! (Human Mail Challenge),2016-11-30T02:31:18Z,16146036,454688,0,18261
STUPIDEST PERSN ON EART (Really Dumb),2016-11-28T00:01:52Z,2492311,186760,0,12941
"Reading The Entire Bee Movie Script But Everytime They Say ""Bee"" I Repeat All the Previous Bees",2016-11-25T01:43:37Z,10835579,217044,0,12543
THE WORST THINGS EVER TO EXIST,2016-11-19T00:40:47Z,3698567,331083,0,19157
BLOWING UP $1000 KEYBOARD *RIP WALLET*,2016-11-11T23:02:10Z,3829621,230029,0,5087
MY $1000 KEYBOARD CHANGED MY LIFE,2016-11-03T21:32:53Z,13360248,359408,0,8238
I BOUGHT A 1000$ KEYBOARD,2016-10-25T21:06:50Z,1540650,37135,0,2799
IF ONLINE ADS WERE REAL,2016-10-16T20:30:00Z,9833717,588693,0,18662
IT FINALLY CAME IN THE MAIL,2016-10-10T21:05:39Z,272824,9928,0,1274
Bleach Bottle Flips (COP CALLED),2016-10-09T20:06:23Z,1194323,55165,0,3157
Hi Me In A Year (Scheduled Uploaded A Year Ago),2016-10-04T21:00:01Z,1415484,47700,0,4513
Epic New Gaming And Youtube Setup 2016,2016-09-30T22:32:04Z,366580,13745,0,954
24 HOUR EXPLOSION GIVEAWAY! WIN GIFTCARDS,2016-09-05T22:31:58Z,667160,31001,0,4648
LISTENING TO OLD VOICEMAILS FOR THE FIRST TIME,2016-08-28T21:00:01Z,295988,10102,0,1026
GAMBLING MONEY WITH SCRATCH OFF TICKETS,2016-08-26T22:30:01Z,3004211,58746,0,3487
BEST WALMART TOILET PAPER FORT,2016-08-24T21:00:01Z,1442495,51164,0,3107
100 LAYERS OF SARAN WRAP + TOILET PAPER!!,2016-08-23T21:01:56Z,3203591,137462,0,7269
WORST REVIEWS ON AMAZON #4 *FUNNY*,2016-08-21T21:17:07Z,1640445,126674,0,3789
HOW MUCH MONEY DO YOUTUBERS MAKE?,2016-08-14T20:20:03Z,3069309,153324,0,5660
THE WORST SONG ON YOUTUBE *CRINGE*,2016-08-08T20:00:02Z,795652,41498,0,6796
SURPRISING MY BROTHER WITH A LAPTOP,2016-08-07T19:35:12Z,1619062,115016,0,4276
"SELLING ORGANS FOR $1,000,000",2016-08-02T20:02:21Z,3543643,122865,0,7723
POKEMON GO STEREOTYPES,2016-07-14T17:36:53Z,2195700,63897,0,2775
"100,000 SUBSCRIBERS.EXE",2016-07-08T20:00:00Z,1207410,72274,0,7812
WORST REVIEWS ON AMAZON #2 HOW IS THIS LEGAL?,2016-07-02T20:30:01Z,1169215,46247,0,5199
BLOWING UP MY TABLET,2016-07-01T20:30:01Z,151737,6814,0,1283
Worst Reviews On Amazon #1 (Minecraft Edition),2016-06-26T21:24:27Z,699759,17083,0,1512
WORST THUMBNAILS ON YOUTUBE #3,2016-06-21T20:01:20Z,807087,33272,0,1792
REACTING TO MY OLD MINECRAFT VIDEOS (HORRIBLE),2016-06-19T20:36:36Z,1299059,35660,0,2811
HOW TO MAKE A GOOD INTRO FOR YOUTUBE,2016-06-14T20:51:19Z,167855,5672,0,1356
WORST BANNERS ON YOUTUBE #1,2016-06-13T21:13:33Z,638217,18047,0,3633
"50,000 Subscribers.exe",2016-06-11T21:01:16Z,353740,15844,0,2634
Dude Perfect 4.0 - We Are Totally Better,2016-06-06T21:01:41Z,399526,12518,0,1809
CUTTING TABLE IN HALF WITH PLASTIC KNIVES,2016-06-04T20:31:28Z,3637861,164710,0,7023
BEST INTROS ON YOUTUBE #1,2016-06-01T20:42:11Z,27604478,808631,0,31130
Motivation For Youtubers #6 LAST ONE,2016-05-24T15:00:01Z,116780,5129,0,492
How Many Licks Does It Take To Get To The Center Of A Tootsie Pop?,2016-05-19T21:00:01Z,356038,11529,0,2540
Motivation For Youtubers #5,2016-05-15T21:00:01Z,150298,7414,0,545
18th Birthday QNA - Mom's Hair Dryer Age?,2016-05-07T21:00:00Z,316702,13522,0,822
WORST MEMES AND TRENDS ON YOUTUBE!,2016-05-01T21:00:00Z,616581,12513,0,1379
Cereal Commentary,2016-04-28T00:36:58Z,111863,4276,0,548
WHERE IS MY COOKIE?????,2016-04-24T21:31:29Z,81920,8355,0,798
"How Much Money Do Big Youtubers Make? (Pewdiepie, Markiplier, etc)",2016-04-22T21:02:56Z,89414,3904,0,359
Struggles Of Being A Youtuber,2016-04-19T21:30:01Z,98420,4174,0,985
Reenacting Youtubers,2016-04-16T21:32:25Z,140854,6159,0,541
Life Before And After Gamma (Insane) @GFuelEnergy,2016-04-13T23:08:34Z,33644,1435,0,315
Worst Thumbnails On Youtube #2 - Cringe,2016-04-10T22:00:00Z,264562,9793,0,545
Motivation For Small Youtubers #4 - Inspiration For Youtubers,2016-04-08T00:11:29Z,113025,6175,0,613
Scheduled Uploaded 6 Months Ago (REACTION),2016-04-06T21:02:02Z,112741,4381,0,452
Dude Perfect 3.0 - We Are Better,2016-04-04T21:30:00Z,662929,20943,0,1967
Dear Future Me (Scheduled Uploaded 6 Months Ago),2016-04-04T19:30:01Z,2000202,124296,0,12357
$100 GIVEAWAY PRANK (NO WEAPONS INVOLVED),2016-04-03T21:00:00Z,48714,1451,0,239
GIVING AWAY $100 ITUNES GIFT CARDS,2016-04-01T20:45:18Z,99657,3336,0,445
Walking Dead Daryl DIED (Fan Reaction To Death),2016-03-28T02:10:15Z,125923,3193,0,462
Why Do Youtubers Ask For Likes?,2016-03-27T21:50:19Z,157167,11317,0,672
Making My Background More Epic,2016-03-26T21:00:00Z,39740,1853,0,280
Doing Youtube For Fun Or Views?,2016-03-23T23:51:29Z,39231,1897,0,225
Pranks That Went Horribly Wrong,2016-03-19T21:00:00Z,2034743,89378,0,3032
Who Founded Faze? Who Created Faze Clan?,2016-03-18T00:23:07Z,2008248,72992,0,3836
Subscriber Goals For 2017,2016-03-09T23:35:32Z,58100,2307,0,1273
"20,000",2016-03-08T00:35:01Z,128616,4640,0,685
The Dreaded Unanswerable Question,2016-02-29T23:56:41Z,87770,3006,0,292
WORST THUMBNAILS ON YOUTUBE,2016-02-28T20:48:25Z,536938,23108,0,1143
Beast Goes Camping (Didn't Go Wrong) (Didn't Go Sexual),2016-02-20T23:07:55Z,111421,3397,0,321
NBA Interviews Gone Wrong (No Gun Pulled),2016-02-20T14:56:51Z,44396,1567,0,151
Movie Trailers Be Like,2016-02-15T18:31:34Z,77787,3727,0,254
What Is Youtube Red? Should I Buy Youtube Red?,2016-02-10T23:42:47Z,81661,3302,0,330
Things I Hate #2 - Youtube Edition,2016-02-09T01:26:28Z,145196,6924,0,1442
Super Bowl Commercial 2016 Cost - How Much Does A Commercial Cost In 2016 Super Bowl?,2016-02-07T18:20:40Z,69755,2104,0,307
Counting To 10000 In One Sitting,2016-02-01T00:27:55Z,61172891,696718,0,59929
HOW TO MAKE A VIRAL PRANK VIDEO 100% LEGIT,2016-01-26T21:38:09Z,116363,5057,0,427
Is Obama Dead? Dumb Google Searches!,2016-01-24T00:21:47Z,212490,4443,0,285
How To Be MrBeast (Made By Really Old Subscriber),2016-01-23T19:46:56Z,55391,2555,0,291
Should You Play Video Games?,2016-01-22T17:04:58Z,72206,3757,0,175
School Is A Waste Of Time,2016-01-21T22:45:37Z,110537,5231,0,742
Is Michael Bay My Dad????????,2016-01-18T21:46:21Z,60359,2028,0,244
Lottery Taxes - How Much Tax Is If You Win The Lottery,2016-01-16T19:25:35Z,115282,3162,0,268
Motivation For Small Youtubers #3,2016-01-12T00:57:36Z,144646,8093,0,1244
Giving Away Two $15 Gift Cards (forgive me boyz),2016-01-10T23:32:03Z,37802,2298,0,365
Do Dislikes Matter On Youtube - Are Dislikes Bad Or Good?,2016-01-07T22:19:01Z,357474,23513,0,2178
How To Get Active Subscribers On Youtube? Tips 2016,2016-01-05T22:05:42Z,72456,3809,0,708
Reaction Channels Are Stupid??????? #JCTG,2016-01-05T01:49:06Z,52649,1731,0,391
Goodbye Laptop,2016-01-01T23:49:09Z,140059,6311,0,616
2015 Year Highlights,2015-12-30T20:18:43Z,50555,1952,0,504
MrBeast Rest In Pepperoni 6000,2015-12-27T20:15:59Z,205276,5537,0,462
How To Think Of Good Video Ideas (Tips),2015-12-26T17:38:52Z,95558,6504,0,509
"15,000 Subscribers Speedart!",2015-12-25T20:45:45Z,73381,2990,0,464
Whats That Song Name?,2015-12-24T17:01:11Z,178784,7221,0,1478
The Anti-Beast (R.I.P. Beast),2015-12-23T23:51:22Z,482624,16530,0,1154
"Reacting To Family Accounts (MamaBeast, MrBeast'sLaptop, Etc)",2015-12-22T22:30:23Z,914285,20045,0,2023
Do Youtubers Pay Taxes????? (USA),2015-12-19T19:21:52Z,87204,3799,0,424
Why Does This Video Have No Thumbnail?,2015-12-15T01:43:00Z,67236,3325,0,463
How To Make Illuminati Confirmed Videos Like Peladophobian,2015-12-12T17:56:59Z,173660,4018,0,385
Totally 100% Real Epic Ping Pong Trickshots,2015-12-11T22:00:01Z,59797,3501,0,295
Exams Be Like,2015-12-10T00:15:18Z,231618,8757,0,644
How Many People Have A Silver Play Button????,2015-12-08T22:22:47Z,200082,7212,0,571
How To Get More Views And Subscribers On Youtube (2016),2015-12-03T21:00:00Z,54685,2828,0,301
Should You Do COD Commentaries In 2016????,2015-12-02T23:51:26Z,39099,1136,0,264
THINGS I HATE #1,2015-12-02T01:20:16Z,355322,13142,0,1601
Worst MrBeast6000 Intros?? (Fan Made!),2015-11-30T21:38:00Z,463289,12894,0,1790
Dear Razer Can I Have My 70$ Back?????,2015-11-29T21:10:16Z,7523363,353185,0,26228
"How Many People Get The Golden Play Button? (1,000,000 Subscribers)",2015-11-28T00:45:38Z,103694,3009,0,477
"Spam404 Has Terminated 5,000,000 Videos (Including Pewdiepie)",2015-11-26T17:36:51Z,96024,2449,0,289
MrBeast6000's First Video (So Bad lol),2015-11-19T21:29:40Z,13563094,536959,0,36790
The Evolution Of My Youtube Banners,2015-11-18T21:16:57Z,55393,1950,0,415
"Shark Tank Most Successful Products, Entrepreneurs, Or Businesses 2015",2015-11-08T19:33:42Z,134070,1086,0,181
PSYCHO FRIEND SMASHES MY LAPTOP! (Mc Juggernuggets Parody),2015-11-06T00:07:37Z,218906,9511,0,853
FREE TO USE BO3 GAMEPLAY - 1080p,2015-11-03T01:58:07Z,42623,1545,0,135
Double Agent (Short Film),2015-11-01T14:33:38Z,110429,4624,0,435
YOU ONLY DO YOUTUBE FOR VIEWS,2015-10-29T21:12:15Z,54972,2836,0,243
"10,000 QNA With MUM",2015-10-29T00:21:29Z,251461,11825,0,1677
Why I Stopped Playing Video Games - Video Game Commentary,2015-10-25T21:20:24Z,49652,1436,0,196
Beast's Room Tour,2015-10-24T15:47:07Z,226010,9452,0,501
YOUTUBE RED STEALS CONTENT CREATORS MONEY? What Is Youtube Red?,2015-10-21T23:13:36Z,40972,1997,0,193
Millions Of Views!,2015-10-18T23:15:40Z,479985,17125,0,1371
"How To Get 1,000 Subscribers On Youtube - Vlogs Gaming",2015-10-15T20:12:22Z,72522,3737,0,513
High School Education Be Like (Paying Taxes),2015-10-14T21:10:31Z,38886,1522,0,205
I Got Bored Of Studying So This Happened,2015-10-13T01:15:19Z,394908,13371,0,768
Best Microphone For Youtube (Gaming Commentaries Vocals Singing Podcast),2015-10-11T18:56:01Z,35654,1380,0,214
9k Subs - Channel Talk,2015-10-10T17:20:05Z,78130,3010,0,715
How Much Money Does Bill Gates Make / Have - Billionaire,2015-10-09T22:27:01Z,84125,2938,0,322
MrBeast6000's Channel Trailer,2015-10-08T20:00:00Z,1544103,125116,0,13314
Best Non-Copyrighted Songs For Videos! (Intros Vlogs Gaming Trailers) 2016,2015-10-05T22:41:22Z,65223,2190,0,254
Is Being A Youtuber Hard? Is Being A Youtuber Worth It?,2015-10-04T20:35:42Z,71528,3467,0,582
Best Green Screen Lighting Ever? (Joking Obviously),2015-10-03T21:06:46Z,236089,6824,0,448
How Do Youtubers Make Money? How Do Youtubers Get Paid?,2015-09-29T23:16:50Z,71280,2722,0,442
Increase Youtube Views 2015! COMMUNITY CHANNELS - Boosting Youtube Views,2015-09-27T21:04:03Z,32924,1217,0,225
Originality - A Youtube Poem By MrBeast6000,2015-09-26T23:04:34Z,34410,1539,0,241
Stupid Things People Search On Google,2015-09-25T22:57:49Z,1354132,73226,0,4277
"Ad Blocker For Chrome and Mobile, Should You Use It?",2015-09-23T23:54:06Z,72326,2935,0,492
PC Master Race Vs Console Peasants,2015-09-21T23:40:01Z,40991,2081,0,259
Shia Labeouf Motivates Youtubers!,2015-09-19T22:53:26Z,186387,6210,0,368
Knives In Video Games Cost More Than Real Life????,2015-09-18T23:57:02Z,47278,1808,0,258
"Why I Sold My PS4, Not A Gaming Channel???",2015-09-18T00:21:53Z,40487,1796,0,268
Selling PS4 For $250 + Elgato For $100!,2015-09-16T22:26:34Z,36046,1208,0,240
Do Tags Do Anything On Youtube?????,2015-09-13T20:48:10Z,89592,4041,0,516
Bronze And Platinum Play Buttons?????,2015-09-13T00:23:55Z,679948,21675,0,2259
7k SUBS! Smashing Ghost + AW! Plus Channel Talk!,2015-09-09T21:48:18Z,55987,2562,0,344
Exility vs Dr.Pineapplez - Misleading Contest!,2015-09-08T22:06:36Z,40812,4173,0,789
6 Uses For Your Advanced Warfare Disk!,2015-09-07T20:40:56Z,33091,1333,0,188
MrBeast’s Outro Song,2015-09-05T20:15:02Z,8197903,378206,0,19697
Watching Video Games Is A Waste Of Time????,2015-09-05T16:14:19Z,33887,1205,0,306
"Pewdiepie's Shoutout, What Would You Do If You Won?",2015-09-05T00:49:25Z,40859,1853,0,299
How I Will Survive The Zombie Apocalypse!,2015-08-31T22:11:06Z,208053,6394,0,748
How Much Money Do Youtubers Make? Real Numbers!,2015-08-30T21:37:55Z,220093,6786,0,443
HONEST Shout Out Sunday! Free Subscribers!,2015-08-30T18:06:45Z,33185,1220,0,475
Social Media As A Job????,2015-08-29T18:20:31Z,34188,1385,0,364
Airplane Pilots Last Words Before Death,2015-08-28T21:56:21Z,105561,2134,0,199
How Much Do T.V. Commercials Cost?????,2015-08-28T01:40:10Z,32907,1022,0,151
How To Tweet When You're Dead! DEADSOCIAL Facebook And Instagram Also!,2015-08-27T10:00:01Z,33011,1288,0,285
My Favorite FaZe Clan Members?????,2015-08-26T10:00:00Z,38607,1576,0,212
MrBeast6000Subs,2015-08-23T11:00:00Z,568951,39237,0,3754
"Youtube Networking - Aka Fake Likes, Subs, And Comments",2015-08-21T20:04:55Z,34165,1984,0,355
I Hate Youtubers That Ask For Likes,2015-08-20T19:13:03Z,144227,8737,0,680
My Mom Found My Channel!! :0,2015-08-20T01:44:22Z,644743,23671,0,2330
1080p FREE TO USE BLACK OPS 3 GAMEPLAY,2015-08-19T21:35:16Z,58658,1466,0,168
"Black Ops 3 First Impressions, My First Game",2015-08-19T02:44:52Z,32946,1115,0,273
Dogs Opinions On Youtubers Getting BO3 Early,2015-08-18T20:55:37Z,58912,2163,0,159
BO3,2015-08-18T17:07:49Z,615746,19025,0,1041
Xbox One Destroyer? COD Advertisement Is Free,2015-08-18T01:08:14Z,32916,1158,0,242
What Is Yanet Actually Thinking?????,2015-08-17T01:24:47Z,116093,2423,0,202
Modern Art Is A Joke,2015-08-15T10:00:01Z,45371,1694,0,152
5 Steps To Becoming Successful On Youtube!,2015-08-14T10:00:03Z,55183,2547,0,329
Time,2015-08-13T10:00:00Z,56409,1585,0,255
Beast $500ish Youtube PC Great For Making Videos!,2015-08-12T10:00:00Z,55488,1220,0,176
"5,000 Hype",2015-08-11T10:00:00Z,104617,2646,0,520
What Is Crohns Disease?????,2015-08-10T10:00:01Z,185587,5462,0,560
Leaving For 7 Days,2015-08-09T14:26:58Z,37786,1108,0,186
Motivation For Youtube - Ultimate Small Youtuber Motivation #2,2015-08-08T22:15:43Z,121539,5158,0,602
Should I Buy An Elgato Game Capture??,2015-08-07T10:00:00Z,33666,1118,0,364
Fanboy Opinions On Black Ops 3,2015-08-06T00:58:47Z,33259,851,0,195
Big Channel's Starting Over???,2015-08-05T10:00:02Z,32915,882,0,142
SAT And Some Random Stuff,2015-08-04T22:14:13Z,33509,1040,0,440
How Many Youtubers Are Millionaires???,2015-08-04T00:18:58Z,76385,1464,0,226
Always Changing My Name? Mr.Beast or MrBeast6000,2015-08-03T10:00:03Z,143622,3774,0,519
How Much Youtube Money Do I Make???,2015-08-03T02:19:22Z,352846,8789,0,581
Am I Ian From Smosh????,2015-08-02T19:09:03Z,566112,8894,0,513
How Do You Turn Off A PS4? Xbox Noob In Need Of Help,2015-08-01T21:51:25Z,70942,1630,0,293
"New Optic Gaming Gear Coming To Advanced Warfare, My Thoughts",2015-08-01T16:47:55Z,33694,1145,0,320
Youtube Collabs? Collabbing with Mr.Beast?,2015-08-01T10:00:01Z,70591,1653,0,207
Sacrifices And Youtube,2015-07-31T18:03:32Z,33165,1684,0,377
5$ To Advertise Your Youtube Channel???,2015-07-31T00:13:08Z,115942,2474,0,261
Reuploading Other Youtubers Videos? Stealing Big Youtubers Videos.,2015-07-30T18:23:18Z,34497,836,0,147
4k Subscriber's! First Channel Story!,2015-07-30T01:56:38Z,70240,2448,0,396
People Who Got Rich From Movie Trailers On Youtube,2015-07-29T19:00:00Z,69560,1281,0,242
Beast Gaming Set Up #almost4k,2015-07-29T15:31:24Z,58155,1916,0,354
Advanced Warfare DLC 4 Honest Parody,2015-07-29T00:37:21Z,33784,1173,0,329
World's Worst Thieves,2015-07-28T17:17:48Z,63474,1679,0,162
VANOSSGAMING IS IN TROUBLE,2015-07-27T22:13:05Z,214899,3555,0,550
SpiderMan Robs Walmart?????,2015-07-26T19:21:24Z,32917,995,0,164
My Upload For ThunderstruckGaming,2015-07-25T22:35:54Z,32905,868,0,162
Best FNAF 4 Fake Reactions! So Funny lol,2015-07-25T16:38:00Z,68577,2262,0,356
How Many People Get The Diamond Play Button?????,2015-07-25T10:00:03Z,1750002,17679,0,2774
Supply Drops For Charity! Ep #2,2015-07-24T10:00:00Z,33596,1445,0,688
Best Thing To Happen To This Channel?????,2015-07-23T10:00:00Z,32948,1169,0,184
Supply Drop Challenge For Charity,2015-07-22T17:59:43Z,34546,1592,0,453
FaZe Clan Vs Pewdiepie Who Would Win?????,2015-07-21T18:51:04Z,43055,972,0,160
"FaZe Adapt ""Stuttertage""",2015-07-20T17:49:03Z,84984,2773,0,360
The COD Community? Sleeping With Your Mom?,2015-07-19T17:37:51Z,32903,1173,0,331
Exility And Some Other Stuff - Update Vid,2015-07-18T18:02:27Z,46094,11296,0,3370
Every Minecraft Let's Play Ever In Under A Minute,2015-07-16T22:00:01Z,91509,3064,0,267
Why I deleted Today's First Upload,2015-07-16T17:03:16Z,45891,1249,0,192
What Is Spam404?????,2015-07-15T15:05:18Z,37907,886,0,220
The History Of Pewdiepie In 2 Minutes,2015-07-14T10:00:01Z,190490,6233,0,547
TWITCH STREAMERS REACT TO RECEIVING THOUSANDS FROM SAME GUY!,2015-07-13T10:00:01Z,200667,1947,0,268
I Hate Spam On Youtube,2015-07-12T19:08:52Z,33123,1185,0,375
INSANE TRIPLE LEGENDARY SUPPLY DROP! BEST OPENING YET?,2015-07-11T20:08:50Z,42561,0,0,283
Low Bridge Causes Dozen's Of Wrecks! 11-8 Bridge,2015-07-10T21:56:20Z,33726,1436,0,399
3k HYPE,2015-07-10T18:05:46Z,101188,3432,0,585
How To Become A Gaming Youtuber! All You Need To Know!,2015-07-08T22:00:01Z,34545,1350,0,309
My Solution For The Theft At The FaZe House - @FaZe_Rain @FaZeAdapt,2015-07-08T10:00:00Z,32935,787,0,149
5 Popular Channels That Were Terminated,2015-07-07T22:00:00Z,126132,4390,0,1069
What Is Youtube Terms Of Service?????,2015-07-07T10:00:00Z,36081,914,0,193
Do You Think You Will Be Famous?????,2015-07-06T22:00:01Z,91202,2457,0,574
What Is Swatting? Why I hate It!,2015-07-05T18:08:37Z,69677,2079,0,225
Reddit Is In Chaos After Firing Victoria,2015-07-03T20:11:21Z,34128,794,0,157
Paid Promotion On Youtube Good?,2015-07-03T19:26:09Z,35981,779,0,138
How To Gain Youtube Success,2015-07-02T17:10:49Z,56049,2258,0,246
FaZe Members Reaction's To Joining Faze,2015-07-01T19:56:45Z,555352,13152,0,690
Battle of The Beasts Round 2 Winners!,2015-07-01T04:02:27Z,32932,935,0,249
Youtube In 10 Years?????,2015-06-30T16:31:29Z,120079,3402,0,1118
The Ultimate Motivation For Small Youtubers,2015-06-29T17:27:21Z,221033,11723,0,1814
How Much Does Pewdiepie Make?,2015-06-28T22:41:05Z,136626,2197,0,184
Random Stuff You Don't Care About,2015-06-27T23:32:54Z,33043,1332,0,310
Battle Of The Beast Round 1 Winners!,2015-06-23T19:49:57Z,33175,992,0,170
The Truth About Big Community Channels,2015-06-22T16:32:02Z,33812,1335,0,580
WORLD'S FIRST BLACK OPS 3 GUN SYNC!!,2015-06-22T01:19:49Z,45750,1222,0,148
Insane Gun Sync - 7 Hours To Make,2015-06-21T12:22:34Z,34855,1487,0,316
Battle of The Beasts Bracket!!!! (Not accepting anymore),2015-06-20T03:32:30Z,32928,908,0,175
Free To Use Advanced Warfare Gameplay! 2015,2015-06-19T14:07:22Z,34671,1038,0,249
Battle Of The Beast Tournament UPDATE!,2015-06-18T23:25:47Z,32970,1166,0,457
My Top 5 Favorite Things At E3 2015,2015-06-18T17:18:38Z,33983,1150,0,323
Battle Of The Beasts (youtubers needed),2015-06-17T20:58:19Z,33605,919,0,221
History Of COD Part 2! Black Ops 1 - History Of COD On Youtube!,2015-06-13T21:34:28Z,33833,872,0,136
How Did Notch Become A Billionaire? How Much Did Minecraft Sell For?????,2015-06-12T17:47:14Z,76798,2107,0,205
Top 10 Richest Gaming Youtubers?????,2015-06-11T16:42:11Z,136305,4725,0,376
Markiplier Is A Great Man! Sub shodleech!,2015-06-09T02:56:28Z,125824,1707,0,143
Insane Advanced Warfare Hacker!,2015-06-07T22:58:31Z,34528,1134,0,213
"What Is Considered A ""Bad Video"" On Youtube????? #karnageRC",2015-06-07T21:38:42Z,42022,992,0,133
I Think I Am Going For The #KarnageRC,2015-06-05T15:21:50Z,34132,1179,0,409
Every FaZe Video Ever #karnageRC,2015-06-04T19:09:17Z,32945,1062,0,122
How Much Money Do You Make As An Uber Driver??????,2015-05-31T18:31:25Z,32913,752,0,132
How Much Does Faze Rain's Giveaway Cost??????,2015-05-30T21:27:08Z,32976,929,0,187
MY MESSAGE TO COD YOUTUBERS (Watch till end plz),2015-05-29T20:07:48Z,34437,1052,0,239
Best Of FlipArtz - His Best Advanced Supply Drops EVER!,2015-05-29T17:06:25Z,53425,877,0,107
Summer Is Finally Here!,2015-05-28T21:46:37Z,33075,841,0,224
Why Are Things Unbalanced In Video Games?????,2015-05-28T20:36:06Z,45945,837,0,140
New Channel?,2015-05-23T22:59:21Z,106371,3490,0,424
"Youtube ""Freinds""",2015-05-23T01:28:10Z,56140,1110,0,152
"Youtube Stat News - Vevo Gets 10 Bil. Views A Month, Channel Milestones, and more!",2015-05-21T00:31:22Z,33906,1558,0,617
Big Changes??? Idk just watch the stupid video,2015-05-18T21:29:43Z,34153,1178,0,315
How Much Money Does DramaAlert Make????,2015-05-15T23:53:16Z,33028,1277,0,275
L0114R - Biblical Creeper Post for Post @L0114R,2015-05-15T16:48:54Z,32942,785,0,196
Why Do We Do Things That Are Bad For Us?????,2015-05-14T23:52:57Z,32908,1195,0,193
How To Monetize Your Videos And Make Lots Of Youtube Money!!$$$,2015-05-10T20:59:50Z,32903,1065,0,225
DIY $23.00 Mini Sound Booth? Does It Work?,2015-05-09T19:47:51Z,94479,1961,0,155
Cut Coms vs Uncut Coms,2015-05-09T06:53:13Z,33672,1018,0,248
Minimum Wage,2015-05-07T23:27:32Z,45374,1167,0,153
My New Channel Trailer ;),2015-05-07T01:27:48Z,43008,1255,0,125
Why I Changed My Channel Name,2015-05-03T23:59:54Z,97640,2799,0,307
How Overpriced Is Movie Popcorn?????,2015-05-03T18:39:15Z,33174,971,0,197
Screw Warface,2015-05-02T21:41:18Z,34305,975,0,196
My Problems,2015-05-01T02:23:50Z,49369,1614,0,233
Ma Channel,2015-04-29T23:50:00Z,33266,1077,0,191
Remember When COD Was Fun?,2015-04-26T21:26:36Z,33250,1042,0,218
My Baby Got a Virus :(,2015-04-25T22:34:19Z,55129,1287,0,213
Modern Art Is A Joke,2015-04-25T15:02:30Z,33975,951,0,157
Cheat Channels,2015-04-24T01:53:38Z,32913,971,0,246
Time,2015-04-22T21:33:54Z,52426,1290,0,139
"2,000 Subscribers",2015-04-18T18:45:34Z,203301,9266,0,2286
Youtube,2015-04-14T22:39:24Z,57970,1605,0,207
"How To SAT, Get Into Yale",2015-04-13T11:08:02Z,33048,736,0,134
100k Subs With No Videos????,2015-04-11T16:51:40Z,420593,8504,0,2846
Is Jacksepticeye A Millionaire?????? 2016,2015-04-09T23:07:38Z,128054,2635,0,624
How Rich Is Buzz Feed???,2015-04-07T11:16:50Z,36894,731,0,176
How To Do A High School or College Paper!,2015-04-06T11:42:14Z,53005,1185,0,162
What is Crohn's Disease?????,2015-04-04T20:31:25Z,428637,16992,0,1228
What Happens If You Get A Copy Right Strike??,2015-04-03T19:45:11Z,149565,4027,0,545
5 Steps To Becoming Successful On Youtube,2015-04-02T23:10:02Z,95621,4944,0,531
Making Youtube a Priority,2015-04-01T23:58:35Z,38725,1198,0,189
Why I Was Not Uploading,2015-03-21T22:11:51Z,35945,878,0,153
Youtubers Analytic's Explained,2015-03-06T01:07:06Z,36677,1004,0,140
How Much $$$ Does Every Member of FaZe Make COMBINED????? 2016,2015-03-05T02:07:01Z,91253,1410,0,325
Is Pewdiepie The #2 Youtuber?!?!?  :0,2015-03-04T01:53:50Z,55012,1314,0,293
How Much Money Does Smosh Make????? 2016,2015-03-03T01:14:27Z,47469,952,0,219
Who Are The Worst Youtubers?????,2015-03-01T12:00:00Z,156591,3070,0,346
Subscriber Goals For 2016,2015-02-28T17:12:07Z,35954,1046,0,493
How Many People Do Youtube as a JOB?????,2015-02-26T02:07:13Z,32913,924,0,186
How Much Money Does Syndicate Project Make????? 2016,2015-02-24T20:26:12Z,48562,746,0,228
Are Youtubers Millionaires?,2015-02-22T19:45:00Z,111156,2337,0,359
Magecraft - Epic Hit! 11k Troops killed.,2015-02-21T15:41:14Z,32994,857,0,251
Highest Paid Musicians????,2015-02-17T21:38:06Z,72248,1396,0,228
Making Fun Of Youtuber's Intros.,2015-02-16T19:45:42Z,291956,7153,0,616
10 Things You DIDN'T Know About Youtube!,2015-02-08T00:04:06Z,44347,1139,0,140
Quitting?,2015-02-06T22:27:38Z,95949,3759,0,591
How Much Money Does Markiplier Make????? 2016,2015-01-04T20:59:46Z,81463,1590,0,204
PewDiePie Uploads A Fake Video! LOL,2015-01-01T18:56:04Z,51955,1158,0,184
Pewdiepie Was On T.V.,2014-12-07T17:51:08Z,103780,2955,0,373
Five Facts You Didn't Know About Youtube.,2014-12-01T22:00:05Z,56232,1463,0,247
Milestones And Plans For My Channel,2014-11-30T18:21:44Z,45384,1246,0,239
How Much Money Did Gangnam Style Earn??? 2016,2014-11-26T22:53:11Z,65311,1431,0,216
Best League Player In The Universe.,2014-11-23T17:37:28Z,299006,16774,0,1042
MageCraft - Beginners tutorial. (The app),2014-11-17T02:25:46Z,32938,801,0,183
How much money does VanossGaming Make? 2016,2014-11-02T16:06:08Z,192558,3232,0,233
Opening Old Basketball Cards! Ep. #1 (Michael Jordan Found),2014-10-21T02:19:05Z,100999,2566,0,254
20 Best Websites?????,2014-08-29T22:45:20Z,89363,2089,0,344
"How Much Money Does ""Chris Smooth"" Make?????",2014-08-21T22:46:35Z,40591,849,0,166
Money Problems,2014-08-20T17:40:18Z,162329,3632,0,342
Vanoss vs Speedy! Who is better? Updated.,2014-08-20T01:57:30Z,32941,979,0,258
Welcome To My Channel!,2014-08-18T00:01:52Z,54005,1364,0,170
1500,2014-08-08T18:58:18Z,187404,6286,0,1373
How Much Money Does Yogscast Make????? 2016,2014-07-13T18:37:22Z,34690,626,0,147
How Much Does WhiteBoy7thSt Make????? 2016,2014-07-11T21:52:50Z,165010,1904,0,186
"How Much Does ""Epic Rap Battles"" Make?????",2014-07-10T23:05:51Z,32929,881,0,170
How Much Money Does FaZe Make?????,2014-07-09T21:15:15Z,32941,986,0,230
"Top Youtube ""ShoutOuts""",2014-07-09T00:07:05Z,33156,1266,0,265
Youtube Dream,2014-07-08T00:17:34Z,52173,1724,0,506
In Dis Video I Play Minecraft. (Factions),2014-07-05T15:57:13Z,40520,1250,0,186
Youtube Grind,2014-06-28T21:06:46Z,67907,1961,0,189
Hacker in Ghost???? I Couldn't Kill Him.,2014-06-22T00:27:19Z,33353,1110,0,323
How Much Money Does Tmartn Make?????,2014-06-21T18:43:51Z,32930,1018,0,229
How Much Money Does FaZe Rain Make?????,2014-06-18T14:00:09Z,51589,1060,0,144
G2g Brb,2014-06-16T14:00:07Z,33613,1150,0,345
Crazy Nub Tub Reactions! Bo2 Fun!,2014-06-13T22:44:22Z,33546,1076,0,283
Fun In COD. - Insane Reactions Lol,2014-06-10T19:01:43Z,33355,1083,0,301
Minecraft Build-off Fun!!!!!,2014-06-09T12:00:07Z,50942,1500,0,200
This Kid Should Quit COD....,2014-06-02T21:37:07Z,55614,1215,0,190
Computer vs Console My Perspective.,2014-06-02T18:08:34Z,66505,1689,0,282
5 Youtubers I Think Will Be Famous...,2014-05-31T21:06:55Z,159174,4468,0,772
How Much Does PewDiePie Make????? 2016,2014-05-24T19:33:12Z,241868,4266,0,353
I Got Really Really Really Bored....,2014-05-24T16:37:13Z,32923,1040,0,246
How Much Money Does Penguinz0 Make????? 2016,2014-05-16T23:53:55Z,69428,2640,0,373
How Much Money Does CaptainSparkles Make????? 2016,2014-05-15T20:36:54Z,362637,4375,0,351
How Much Money Does Tobuscus Make?????,2014-05-14T23:06:58Z,39978,975,0,211
COD IS NOT DEAD,2014-05-08T02:19:42Z,47552,1702,0,283
Storm,2014-04-30T20:31:15Z,146487,4903,0,694
Hearthstone - All Beards Challenge!,2014-04-24T01:56:43Z,43677,1156,0,229
Youtube ad.,2014-04-20T20:26:16Z,298008,6811,0,354
Impossible,2014-04-20T01:45:45Z,52403,1909,0,333
Motivation,2014-04-17T01:22:40Z,54614,2207,0,251
1k Subs,2014-04-13T23:53:33Z,16823685,1257228,0,91627
Yup I is the best at the game.,2014-04-05T13:00:05Z,163976,3533,0,391
Should I join FaZe?????,2014-04-04T19:44:52Z,519884,12037,0,1481
"Youtube Networks Requirerments. (Machinima, TGN, 8byte....)",2014-04-01T16:37:55Z,58528,924,0,170
Two Years of Youtube.,2014-03-31T16:31:32Z,260702,6748,0,688
"How Much Money Does ""Element Animation"" Make?????",2014-03-30T23:40:18Z,110603,2274,0,291
"How Much Money Does ""Skydoesminecraft"" Make????",2014-03-30T01:52:06Z,47303,1142,0,329
Should College Athletes Be Paid?????,2014-03-29T00:18:35Z,53300,1392,0,271
"""Beast"" Channel Trailer",2014-03-28T21:01:57Z,45016,1341,0,204
What It Takes To Be A Full Time Youtuber...,2014-03-27T19:00:05Z,35967,1259,0,368
How Video Games Boosted My SAT Score. Lol,2014-03-26T23:59:45Z,40345,1181,0,208
How Much Money Do I Make?????,2014-03-16T01:24:25Z,113830,3825,0,602
Update,2014-03-13T00:19:29Z,42128,1316,0,315
Subscribers.,2014-03-08T03:52:13Z,74192,2439,0,1038
How Much Money Does KyR's Speedy's Crew Make?????,2014-03-02T18:14:47Z,75488,1545,0,298
How Many Youtubers Are Millionaries?????,2014-02-26T23:52:57Z,286183,5999,0,1344
"Flappy Bird - Builders Showdown, Which is Better?",2014-02-23T22:29:21Z,78889,2292,0,400
New COD Zombies In 2014?????,2014-02-23T21:40:04Z,55733,1613,0,315
Minecraft Mansion Timelapse,2014-02-22T23:51:15Z,562827,18630,0,2332
Top 5 NON-COPYRIGHTED Songs!!!!!,2014-02-17T20:30:02Z,84958,2612,0,499
Vanoss vs Speedy! Which is better?,2014-02-16T20:13:22Z,88167,2128,0,900
I Hate Pewdiepie!!!!!,2014-02-01T00:16:57Z,2792144,224600,0,15427
Does Spam Work?????,2014-01-20T23:41:17Z,266685,5170,0,676
100th VIDEO SPECIAL!,2014-01-20T01:17:01Z,267581,10360,0,1306
The Vortex SMP Episode 1! Just Derping Around and Explaining Things.,2014-01-18T02:49:24Z,78569,2547,0,357
Has Youtube Met Its Match?????,2014-01-12T01:25:53Z,56115,1488,0,247
How Much Money Does Pewdiepie Make????? (Updated 2015),2014-01-11T20:31:34Z,1067061,19930,0,1738
"Battle Pirates, my base.",2013-12-31T14:48:55Z,43566,1277,0,289
"Battle Pirates, Hellstrike Base attack.",2013-12-29T22:22:57Z,39152,1206,0,303
"Battle Pirates, Unstoppable Ship!",2013-12-29T21:05:08Z,33738,1466,0,638
Best Hellstrike Build???? (Battle Pirates),2013-12-29T17:10:57Z,33012,1119,0,383
"Marauder Builds, Battle Pirates In Depth Builds.",2013-12-29T16:20:05Z,33950,1477,0,579
"Battle pirates, How To Auto Lvl 40 Salvages.",2013-12-29T00:32:15Z,35187,1311,0,404
Hellstrikes vs 7 halos!,2013-12-27T00:27:31Z,46150,1220,0,321
"Battle Pirates, Hellstrike vs Epic Base!",2013-12-24T00:00:20Z,39311,1269,0,337
"Battle Pirates, Another Hellstrike Fail.",2013-12-18T23:47:57Z,38865,1309,0,333
Battle pirates Hellstrike fail!,2013-12-18T22:31:02Z,39627,1261,0,300
"Battle Pirates, lvl 66 vs Missile Cruiser x Fleet!",2013-12-17T18:56:41Z,42113,1261,0,275
"Battle Pirates, Hellstrike Too Overpowered????",2013-12-14T15:58:11Z,41114,1275,0,267
"Battle Pirates, All Sentinel Base.",2013-12-05T02:24:33Z,44022,1393,0,314
"Battle pirates, Lvl 58 Mercury Base Attack!",2013-12-05T01:06:00Z,64209,1603,0,316
"Battle Pirates, Stingray vs Mercury Epic Battle!",2013-12-05T00:00:24Z,42810,1539,0,378
OpTiC NaDeShOt Got Hack!!,2013-11-27T19:37:44Z,49695,1599,0,411
"Epic Ghost Multiplayer EasterEggs! (PrisonBreak, Sovereign, and Flooded)",2013-11-17T18:26:11Z,65921,2328,0,299
Why Google Does Not Care What We Think....,2013-11-17T01:40:48Z,264150,5130,0,662
My First Kem Strike!,2013-11-16T19:48:55Z,50313,2162,0,533
Google+ The Death Of Youtube?????,2013-11-13T22:09:21Z,88525,2477,0,382
How Much Money Does PewDiePie Make?????,2013-11-12T03:18:18Z,546721,11499,0,1212
Most Overpowered Guns In Ghost!,2013-11-11T20:11:15Z,69539,2610,0,327
Are Minecraft Faction Has A New Pet! (poopymiscquidlepants),2013-10-31T20:44:54Z,68911,2033,0,296
Battle Pirates!,2013-09-21T22:18:59Z,65282,2609,0,637
How To Duplicate Diamonds!!!!,2013-09-15T01:09:42Z,120767,4778,0,568
50k Video Views!!!! EpicSauce!,2013-09-08T22:20:48Z,183374,7052,0,710
If This Video Gets One Million Views.....,2013-09-07T02:28:05Z,10892539,1029904,0,68578
These Were The Good Days....,2013-09-05T02:14:46Z,97159,3136,0,393
Channel Update.,2013-08-16T20:34:58Z,98845,3180,0,396
Funny Noob Tubing Reaction Montage!,2013-08-16T03:04:45Z,74364,2512,0,456
"Minecraft, How To Grief Without Being Seen!",2013-08-14T21:39:31Z,120708,4412,0,610
Buried Round 50 Gameplay! Black ops 2 Zombies.,2013-08-12T22:49:16Z,77561,2892,0,414
Minecraft Let's Play Ep. # 2 - Having Fun and Derping!,2013-08-12T01:53:18Z,126902,5626,0,783
Worlds Biggest Ball Of TNT Minecraft!  Challenge Video!,2013-08-09T23:45:05Z,417956,14542,0,1469
"How To Get A Gaming Partnership, And What It Is.",2013-08-08T21:25:32Z,54922,2397,0,536
Camping Montage.... LOL,2013-08-05T21:12:41Z,62058,2458,0,459
Black Ops 2! Mini Update Video.,2013-08-05T02:55:37Z,53563,2669,0,690
Randomness,2013-08-02T22:16:42Z,54089,2755,0,798
203 Kill Game! Thanks For 300 Subscribers!,2013-08-01T19:36:50Z,102336,4416,0,956
Call of Duty Ghost Multiplier Reveal Trailer Release Date!,2013-07-30T20:51:42Z,64521,2678,0,511
Insane Black Ops 2 HACKER!!!!,2013-07-30T02:45:21Z,149106,4447,0,583
Top Subscribed To Channels? BO2 w/ commentary!,2013-07-28T20:50:09Z,69764,3107,0,664
Career Ender ....  LOL,2013-07-28T17:13:58Z,90990,2929,0,415
I Bought A New Microphone!  (quality test),2013-07-27T23:25:01Z,99402,3623,0,535
Top 10 Worst Guns in Call Of Duty History!,2013-07-25T21:36:56Z,138366,5637,0,618
Black ops 2 Patch news!,2013-07-24T20:35:32Z,81133,3400,0,686
Black ops 2 Invisible equipment and scorestreak glitch!,2013-07-21T18:26:36Z,101357,3792,0,536
I'm Back! Update Video....,2013-07-19T23:41:14Z,118263,4754,0,631
Minecraft Let's Play! Ep. 1. The Beginning!,2013-07-08T20:03:41Z,514905,19504,0,2332
Channel Trailer....,2013-07-06T18:17:45Z,170623,7054,0,752
Black ops 2 Shotgun gameplay w/ commentary....  Ps4 or Xbox?,2013-07-06T00:13:48Z,161423,4923,0,731
Black ops 2 Gameplay w/ commentary. Hipsters,2013-07-03T17:48:10Z,219923,8623,0,812
Project Zomboid Let's Play ep [04] lots of stuff,2013-06-18T15:51:26Z,78027,3865,0,825
Project Zomboid Let's Play ep. [03] Looting and storing.,2013-06-17T02:17:34Z,77745,3741,0,855
Project Zomboid let's play ep. [02] Just some chores.,2013-06-15T19:54:37Z,76926,3853,0,732
Project Zomboid Lets Play ep [01] Roughing it out!,2013-06-15T00:03:38Z,130829,5514,0,745
Gunpowder plus mod! (Grenade mod) Epic explosions for minecraft.,2013-04-21T18:04:39Z,125930,5287,0,705
Horse racing map for new update! (minecraft),2013-04-21T16:37:08Z,124534,5273,0,778
Amazing minecraft Cathedral!,2013-04-21T01:36:32Z,250680,9324,0,1080
Huge WW2 jeep! Minecraft creations.,2013-04-21T00:52:21Z,364190,12690,0,1571
Story time!,2013-04-18T01:54:48Z,343633,14259,0,1421
Epic Minecraft city! (w/ download link!),2013-04-11T01:00:01Z,217645,7692,0,917
Pokemon online battle #9 [rb] Hidden power ice ftw!,2013-04-07T00:03:02Z,106418,5232,0,703
Pokemon online battle #8 Stone edge,2013-04-05T01:21:12Z,98799,5858,0,1397
Online pokemon battle #7 [uu] 5-0,2013-04-04T01:43:46Z,136507,7071,0,844
Magic karp sweeps whole team of LEGENDARIES!!!,2013-04-01T23:26:03Z,114731,5352,0,820
Pokemon online battles #5 [uu] Heracross never seems to dissapoint me...,2013-03-31T20:49:28Z,108141,6034,0,1035
This is a detailed break down of my favorite UU team... ENJOY!,2013-03-29T23:14:45Z,117175,6010,0,920
Pokemon online battle #4 [uu] Same old team,2013-03-28T17:22:43Z,131388,0,0,936
Online pokemon battle #3 [uu] Ice punch,2013-03-27T19:57:08Z,114589,0,0,1256
Pokemon online battle #2 [uu] Herracross w/ Dat MOXIE BOOST,2013-03-26T16:58:32Z,169182,0,0,1155
Why I Haven't Been Uploading,2013-03-25T20:10:38Z,532793,0,0,1627
Most Epic Thing In Minecraft!?!?!?!?!?!!?????,2013-03-10T22:19:14Z,274398,12263,0,1643
Epic minecraft apartment complex!,2013-01-27T18:25:46Z,321586,14606,0,1938
Crazy Illulsions In Minecraft. (Bigre),2013-01-27T02:11:30Z,477502,18084,0,2290
Best Minecraft Castle Ever?,2013-01-27T01:52:40Z,238669,13333,0,1921
How to get unlimited diamonds! minecraft (x-ray),2013-01-26T19:34:43Z,362828,17110,0,1834
Drinks in minecraft (mod),2013-01-26T16:26:34Z,341015,0,0,1495
Emerald tool mod! (minecraft),2013-01-23T22:34:58Z,329111,17105,0,1801
This is a block? Since when lol.,2013-01-21T22:30:09Z,529270,22021,0,3643
Scary minecraft pig skin!,2013-01-13T16:53:17Z,626554,24394,0,2724
Most Epic minecraft skin EVER  (Psy),2013-01-13T01:59:21Z,685305,28279,0,2817
More birds IN MINECRAFT!!,2013-01-12T23:35:45Z,805537,33266,0,3171
Boxy item mod Minecraft.  EPIC,2013-01-12T22:34:11Z,952989,39377,0,3843
Harry Potter Mod In Minecraft! EPIC MUST SEE MOD!!!,2012-03-09T23:29:03Z,3333978,0,0,7406
Worst Minecraft Saw Trap Ever???,2012-02-20T22:42:32Z,15923493,783958,0,102145
